"Z","U","X"
"1",19,0.250356141457319,0
"2",22,0.223274789949979,0
"3",21,0.235796171929455,0
"4",21,0.226326750979336,0
"5",20,0.276578146916448,1
"6",19,0.318314445665126,1
"7",21,0.27636378619565,1
"8",19,0.266568004816145,1
"9",20,0.26317564823245,1
"10",21,0.225148865684785,0
"11",18,0.26098165199425,0
"12",20,0.251317981494271,1
"13",20,0.249790268976733,0
"14",21,0.238591938058996,1
"15",20,0.244264928894999,0
"16",22,0.222925434337689,0
"17",16,0.282849462645631,0
"18",17,0.313941917043592,1
"19",15,0.330557856730073,1
"20",22,0.224791895787934,0
"21",17,0.272332548075767,0
"22",22,0.176418845471274,0
"23",16,0.303579764062819,1
"24",21,0.237094514983641,0
"25",26,0.135819854546214,0
"26",24,0.201429268943368,1
"27",22,0.261223711625669,1
"28",18,0.26919487973296,0
"29",15,0.288235428327498,0
"30",21,0.229445622320781,0
"31",17,0.267137005534149,0
"32",20,0.261016297857843,1
"33",21,0.295913171305628,1
"34",18,0.27941235294354,1
"35",18,0.25685376529079,0
"36",18,0.280167199865753,1
"37",15,0.301377365981697,0
"38",22,0.216929555949478,0
"39",20,0.202789525478431,0
"40",21,0.234643891078289,0
"41",18,0.267323571358479,0
"42",20,0.239460614590279,0
"43",19,0.22804909149691,0
"44",22,0.204564143994019,0
"45",22,0.211110723427724,0
"46",19,0.274438175193701,1
"47",19,0.24784450955373,0
"48",19,0.256676349471928,0
"49",17,0.262980985919549,0
"50",21,0.235558902735031,0
"51",18,0.274350164356364,0
"52",22,0.2488368719803,1
"53",21,0.207702833828655,0
"54",14,0.279983366045937,0
"55",20,0.258704830895937,1
"56",20,0.255907492101361,1
"57",20,0.233795619459941,0
"58",20,0.264798520203749,1
"59",22,0.21976203987954,0
"60",20,0.258498369988454,1
"61",20,0.247912779705581,0
"62",20,0.229240027450954,0
"63",22,0.230209596522904,1
"64",23,0.221739205914107,1
"65",18,0.285525153787008,1
"66",22,0.244215903073378,1
"67",17,0.307937735265881,1
"68",19,0.272138372779184,1
"69",18,0.286944746315354,1
"70",19,0.243281109909273,0
"71",19,0.237848082504063,0
"72",18,0.274147316733528,0
"73",20,0.261772570245023,1
"74",21,0.240910267552762,1
"75",19,0.227830070391665,0
"76",19,0.254532435117244,0
"77",18,0.300155491307687,1
"78",20,0.261743028067357,1
"79",19,0.262757287126151,1
"80",20,0.252848785907392,1
"81",23,0.231468383815596,1
"82",19,0.232285678853879,0
"83",21,0.226791938177141,0
"84",22,0.236273889047146,1
"85",21,0.243849498333046,1
"86",20,0.252393593978916,1
"87",21,0.231532121657672,0
"88",21,0.230590905855468,0
"89",20,0.230744696424997,0
"90",19,0.279875073082238,1
"91",22,0.237936047699575,1
"92",20,0.238445847700588,0
"93",23,0.2195109943384,1
"94",17,0.27899268241886,0
"95",23,0.237768568302439,1
"96",20,0.265342975006817,1
"97",21,0.25985333100659,1
"98",20,0.205145150868683,0
"99",19,0.275862043014771,1
"100",18,0.298245456273795,1
"101",15,0.298025570319447,0
"102",22,0.237941174918433,1
"103",19,0.275861437023201,1
"104",22,0.192504830674721,0
"105",19,0.247807151405553,0
"106",19,0.25994035348949,0
"107",20,0.266462169207297,1
"108",21,0.241109974688261,1
"109",19,0.245896187220612,0
"110",21,0.23796084126597,1
"111",18,0.27312387168469,0
"112",16,0.280522686958289,0
"113",18,0.278331122731298,1
"114",19,0.252061068634144,0
"115",21,0.234620617833663,0
"116",25,0.237719853692723,1
"117",21,0.215652513297627,0
"118",18,0.253853215794984,0
"119",20,0.229520508740225,0
"120",20,0.234753626515966,0
"121",18,0.255692117615751,0
"122",19,0.23939146510162,0
"123",20,0.246677712393682,0
"124",15,0.302673015676503,0
"125",18,0.264452188168417,0
"126",20,0.219940569483581,0
"127",17,0.281398540995513,0
"128",20,0.270653036547685,1
"129",22,0.267799378473691,1
"130",18,0.277244031412278,1
"131",18,0.287178623046039,1
"132",24,0.214688928499222,1
"133",21,0.228776886916561,0
"134",17,0.290352918929295,1
"135",21,0.242202917346308,1
"136",19,0.290928904772392,1
"137",20,0.243004018614575,0
"138",21,0.231400885388208,0
"139",17,0.294793641138035,1
"140",19,0.256663460840058,0
"141",19,0.26648165340998,1
"142",21,0.232097562763407,0
"143",20,0.202224388895656,0
"144",19,0.270441333851152,1
"145",20,0.240753055622169,0
"146",20,0.26387118475255,1
"147",18,0.306230002355679,1
"148",21,0.243564868144626,1
"149",21,0.221803650840344,0
"150",18,0.289276524757473,1
"151",21,0.219019743241809,0
"152",20,0.241543310724887,0
"153",23,0.197084732461871,0
"154",19,0.301882187809029,1
"155",21,0.2453526160059,1
"156",18,0.252193126672374,0
"157",23,0.245994563882623,1
"158",20,0.283663659286436,1
"159",18,0.266360700551713,0
"160",21,0.268845973470965,1
"161",23,0.189741896178949,0
"162",15,0.283125216221542,0
"163",18,0.303223331840579,1
"164",21,0.266315317031421,1
"165",21,0.258136990014022,1
"166",20,0.244241238016643,0
"167",22,0.231460875852101,1
"168",21,0.225452277496306,0
"169",20,0.295972362400923,1
"170",21,0.247578477917767,1
"171",22,0.242347257245232,1
"172",20,0.267474581877299,1
"173",21,0.250407893308171,1
"174",22,0.219762526463214,0
"175",18,0.257395492235845,0
"176",21,0.268152598233735,1
"177",20,0.232272019298605,0
"178",22,0.257698337098047,1
"179",23,0.206918534784718,0
"180",20,0.262497235141812,1
"181",19,0.259286515626435,0
"182",24,0.210924437270541,1
"183",19,0.278772786073774,1
"184",20,0.259201843384585,1
"185",21,0.215140350642173,0
"186",22,0.23040807644028,1
"187",26,0.184636574032677,1
"188",20,0.210712260681521,0
"189",19,0.273427895583998,1
"190",19,0.267354977974579,1
"191",19,0.246219730855615,0
"192",22,0.249988971134864,1
"193",24,0.172086788508286,0
"194",19,0.261498729840149,0
"195",24,0.177834084484515,0
"196",25,0.217101763158811,1
"197",20,0.246808367025991,0
"198",21,0.20501646808046,0
"199",19,0.206315158814748,0
"200",22,0.238969045571613,1
"201",20,0.224009693435473,0
"202",19,0.266519099721451,1
"203",17,0.248856762122674,0
"204",22,0.227010014345536,1
"205",22,0.190694742698002,0
"206",20,0.276555629821262,1
"207",23,0.207200364805182,0
"208",21,0.244499419981658,1
"209",19,0.293934036116071,1
"210",21,0.253211838192405,1
"211",22,0.262748337144174,1
"212",19,0.2286241539615,0
"213",17,0.28562210061462,0
"214",24,0.152657828237815,0
"215",18,0.284761686680317,1
"216",18,0.303620821789106,1
"217",21,0.23522335513151,0
"218",18,0.294236725265467,1
"219",20,0.273428351977541,1
"220",20,0.245988656208841,0
"221",19,0.291662409681826,1
"222",21,0.207912869193766,0
"223",19,0.297958275463382,1
"224",22,0.236929703398698,1
"225",20,0.236972609570775,0
"226",22,0.21742549630118,0
"227",17,0.256239758926156,0
"228",17,0.284281166821578,0
"229",18,0.28369598476134,1
"230",24,0.214752554568777,1
"231",17,0.27324276913624,0
"232",22,0.223241945873458,0
"233",21,0.283393738281016,1
"234",18,0.248986375554311,0
"235",19,0.255048484975325,0
"236",17,0.275413939021992,0
"237",17,0.306741052970256,1
"238",22,0.217541024113985,0
"239",21,0.249150598708488,1
"240",19,0.243056289256201,0
"241",17,0.269671890576738,0
"242",20,0.270512074239148,1
"243",22,0.230122359442303,1
"244",18,0.272096282753702,0
"245",21,0.244316803433083,1
"246",22,0.243381712713322,1
"247",22,0.233237449975073,1
"248",23,0.207803844977141,0
"249",24,0.23112129737895,1
"250",18,0.270704864896896,0
"251",19,0.256444834086073,0
"252",21,0.258478560452204,1
"253",20,0.275850952104429,1
"254",19,0.258697055569473,0
"255",23,0.209279045175523,0
"256",21,0.226652873444217,0
"257",20,0.259399084579646,1
"258",19,0.263320802168985,1
"259",16,0.287498644136276,0
"260",20,0.241733550117365,0
"261",21,0.219456600313788,0
"262",18,0.276087420837795,1
"263",21,0.228375981869757,0
"264",18,0.28593555610601,1
"265",18,0.258285236081424,0
"266",25,0.167752660508228,0
"267",21,0.215292425158692,0
"268",20,0.268080787534209,1
"269",20,0.257689018369251,1
"270",21,0.211650448751424,0
"271",22,0.219883767669189,0
"272",20,0.174158272897606,0
"273",20,0.244601268402424,0
"274",21,0.226315689405554,0
"275",17,0.293255943441262,1
"276",20,0.262715760728569,1
"277",23,0.218091929883133,1
"278",20,0.242630678209648,0
"279",17,0.273395274408258,0
"280",18,0.298494020414357,1
"281",20,0.26086780168245,1
"282",19,0.271839983746555,1
"283",22,0.225740469087082,1
"284",22,0.217255208799587,0
"285",21,0.270296915313741,1
"286",19,0.239888738527439,0
"287",20,0.221232676376204,0
"288",21,0.224585199613621,0
"289",21,0.220979189722258,0
"290",27,0.145610564258371,0
"291",19,0.259733086872871,0
"292",21,0.252300006407409,1
"293",20,0.234673074398537,0
"294",21,0.230813529893712,0
"295",18,0.290811098022606,1
"296",19,0.224593245585938,0
"297",19,0.29183002727887,1
"298",20,0.272819906640543,1
"299",18,0.312801414906133,1
"300",18,0.288873325352225,1
"301",22,0.224084407354535,0
"302",16,0.283987873087947,0
"303",20,0.245085644028692,0
"304",19,0.279343030150649,1
"305",20,0.212486122958864,0
"306",20,0.269497509691555,1
"307",18,0.257578461681725,0
"308",19,0.267179525051544,1
"309",21,0.235932354165027,0
"310",22,0.26301162533829,1
"311",19,0.276698015183558,1
"312",16,0.324530988105154,1
"313",19,0.243105154675205,0
"314",21,0.251591455876745,1
"315",21,0.23572087729484,0
"316",23,0.228017002538121,1
"317",20,0.255099161879828,1
"318",18,0.273691546647674,0
"319",22,0.230565188603951,1
"320",21,0.242835906141763,1
"321",18,0.289018111552844,1
"322",19,0.273902748868667,1
"323",20,0.238181945853921,0
"324",19,0.287415662391739,1
"325",21,0.212336999624355,0
"326",21,0.232828254643975,0
"327",17,0.283667759132154,0
"328",18,0.291388984868993,1
"329",17,0.25553254179331,0
"330",21,0.224285949605319,0
"331",19,0.258487801707656,0
"332",22,0.21720502668547,0
"333",17,0.284871670357998,0
"334",17,0.256591599515116,0
"335",19,0.277544413994174,1
"336",20,0.251767450292385,1
"337",21,0.266060956545131,1
"338",20,0.275608090535231,1
"339",17,0.272724896167882,0
"340",21,0.276401303661564,1
"341",21,0.241837119359004,1
"342",18,0.256535262763866,0
"343",19,0.242331630221703,0
"344",20,0.211561995788194,0
"345",21,0.241953832128926,1
"346",21,0.261084428648648,1
"347",19,0.285789401937891,1
"348",19,0.259358810035406,0
"349",21,0.205649510602614,0
"350",18,0.265114253586556,0
"351",21,0.2134875413252,0
"352",21,0.238811023968378,1
"353",19,0.237906068848154,0
"354",21,0.258531651290035,1
"355",20,0.249691711070161,0
"356",20,0.244532449886569,0
"357",20,0.237070354574457,0
"358",18,0.287934870275074,1
"359",20,0.24763766754485,0
"360",23,0.217044814370593,1
"361",20,0.232767180844816,0
"362",20,0.28603718088109,1
"363",22,0.25182787369149,1
"364",22,0.225580771185686,1
"365",21,0.254360181661479,1
"366",17,0.276193437247279,0
"367",17,0.314300264573398,1
"368",22,0.18018252913078,0
"369",23,0.221617591680649,1
"370",18,0.293643053997619,1
"371",19,0.262558787872791,1
"372",19,0.261960669064958,0
"373",16,0.282173825230123,0
"374",18,0.274798752666345,0
"375",19,0.249647905196943,0
"376",19,0.261354052606205,0
"377",22,0.19999941340757,0
"378",19,0.281111401455758,1
"379",18,0.277637276446025,1
"380",23,0.246024397917702,1
"381",20,0.238270840653806,0
"382",22,0.249241469212546,1
"383",22,0.211393255627722,0
"384",22,0.183229165818722,0
"385",21,0.233832259145179,0
"386",23,0.231796460666202,1
"387",20,0.261731863473532,1
"388",20,0.209653267965208,0
"389",19,0.291877435166878,1
"390",17,0.282843039814202,0
"391",21,0.230197268884512,0
"392",20,0.254120310337943,1
"393",18,0.272706240791111,0
"394",22,0.226167718657882,1
"395",17,0.322364122186781,1
"396",21,0.216671180343855,0
"397",16,0.289182698158222,0
"398",19,0.247890030439688,0
"399",20,0.257926130854742,1
"400",20,0.266259620863572,1
"401",21,0.23527647495315,0
"402",24,0.183258603740347,0
"403",18,0.270061186484587,0
"404",21,0.226771977526397,0
"405",19,0.274508493271456,1
"406",19,0.257600120969496,0
"407",18,0.25021951930667,0
"408",17,0.286072544709406,0
"409",22,0.232044693963619,1
"410",21,0.2414868209166,1
"411",19,0.234908550639706,0
"412",18,0.28287334713873,1
"413",19,0.277884907155949,1
"414",18,0.294490704803681,1
"415",18,0.244092602472858,0
"416",19,0.248957549085782,0
"417",20,0.268818039316825,1
"418",21,0.263870385669773,1
"419",20,0.216089015113438,0
"420",19,0.276651814790857,1
"421",17,0.285316818493793,0
"422",22,0.218546540504897,0
"423",19,0.262619768389493,1
"424",16,0.261173888585721,0
"425",20,0.242395023729176,0
"426",21,0.279869203961457,1
"427",18,0.270323900288299,0
"428",25,0.221921499689702,1
"429",23,0.219544239890118,1
"430",22,0.246652872077194,1
"431",22,0.249814955433989,1
"432",22,0.262980328120027,1
"433",19,0.26758002697165,1
"434",23,0.234204989941595,1
"435",16,0.293852514685169,0
"436",21,0.248255429524161,1
"437",20,0.218424294621494,0
"438",16,0.308588138270537,1
"439",20,0.25492049650843,1
"440",21,0.215105706277698,0
"441",21,0.228658669389685,0
"442",21,0.220912066161805,0
"443",19,0.215731285767777,0
"444",19,0.261305794970824,0
"445",20,0.255571537860423,1
"446",21,0.278365065549118,1
"447",20,0.241537447320445,0
"448",20,0.266030393339173,1
"449",22,0.232850822104876,1
"450",17,0.287939800906618,1
"451",19,0.313927377295527,1
"452",19,0.240878191307647,0
"453",21,0.218618231055474,0
"454",19,0.243544494357823,0
"455",21,0.209948157546709,0
"456",19,0.24620135084487,0
"457",18,0.233709131905978,0
"458",23,0.171383164882736,0
"459",19,0.254233431423003,0
"460",18,0.248709111111507,0
"461",17,0.295792714484851,1
"462",19,0.264384525403776,1
"463",21,0.209546859124137,0
"464",21,0.294719409029981,1
"465",22,0.231390979605738,1
"466",17,0.288431246549779,1
"467",18,0.282455242145,1
"468",22,0.223312682543821,0
"469",21,0.249211088096032,1
"470",19,0.234717420914994,0
"471",21,0.200046069574348,0
"472",21,0.218333740122057,0
"473",16,0.289101306567028,0
"474",18,0.255817864407912,0
"475",21,0.23014380568807,0
"476",18,0.252559534533852,0
"477",19,0.277617573058717,1
"478",21,0.268211687762181,1
"479",21,0.256552044540436,1
"480",19,0.28265224022156,1
"481",18,0.242347237463053,0
"482",22,0.232042532336835,1
"483",17,0.271565612798999,0
"484",23,0.221220050947403,1
"485",21,0.222214356172574,0
"486",23,0.232761093790903,1
"487",25,0.175643282835943,0
"488",20,0.262247892261958,1
"489",16,0.309830227715233,1
"490",19,0.215373254155988,0
"491",19,0.292537697101866,1
"492",19,0.205931726182344,0
"493",21,0.218551507250524,0
"494",19,0.278358739844242,1
"495",18,0.251825809117226,0
"496",21,0.280537927258546,1
"497",19,0.249789316156488,0
"498",18,0.313178335010452,1
"499",18,0.271577060992145,0
"500",17,0.280150912144579,0
"501",21,0.245210152712967,1
"502",21,0.207817399461565,0
"503",18,0.294365501292977,1
"504",22,0.245177823135118,1
"505",20,0.255155254556914,1
"506",18,0.293737923846432,1
"507",18,0.22928316186394,0
"508",20,0.227591602191961,0
"509",19,0.246708888793238,0
"510",22,0.226012209780011,1
"511",22,0.198464973314378,0
"512",19,0.292548182065831,1
"513",22,0.192442707803271,0
"514",19,0.255271372929368,0
"515",19,0.258145374944515,0
"516",20,0.251649426859261,1
"517",21,0.26961479415787,1
"518",18,0.254514226966614,0
"519",21,0.233499938864056,0
"520",19,0.236120221941141,0
"521",23,0.218166938702195,1
"522",19,0.257625282823418,0
"523",20,0.228568687322724,0
"524",21,0.224258963449595,0
"525",21,0.2346329296117,0
"526",21,0.244712159448429,1
"527",23,0.201445178546825,0
"528",17,0.28878691465415,1
"529",20,0.250727948685292,1
"530",21,0.197939242662883,0
"531",21,0.21909193551717,0
"532",16,0.291797610332695,0
"533",19,0.267762664541957,1
"534",19,0.286306217929852,1
"535",20,0.250864866733996,1
"536",19,0.288181779040472,1
"537",20,0.223828027294662,0
"538",24,0.222180746884316,1
"539",23,0.220949534165004,1
"540",20,0.255124162880128,1
"541",19,0.286233077643413,1
"542",21,0.218216114108358,0
"543",21,0.254352226527442,1
"544",21,0.231919048018641,0
"545",19,0.247388785439815,0
"546",24,0.225452344466713,1
"547",19,0.293762317000536,1
"548",23,0.227655141083952,1
"549",19,0.213452396572385,0
"550",19,0.241874051985477,0
"551",18,0.284535634208679,1
"552",22,0.210001934711992,0
"553",18,0.275945054827637,1
"554",19,0.247834641436735,0
"555",20,0.242361260559902,0
"556",21,0.222787357297949,0
"557",19,0.257429019739841,0
"558",23,0.234244486481956,1
"559",20,0.23483870291409,0
"560",23,0.255219793442789,1
"561",21,0.242758078512217,1
"562",24,0.19495877200202,0
"563",20,0.221362852934743,0
"564",22,0.237988871006064,1
"565",18,0.255469036517823,0
"566",19,0.244762224943489,0
"567",21,0.207143497630304,0
"568",16,0.290926827158305,0
"569",18,0.268047657203878,0
"570",19,0.279204110715891,1
"571",16,0.264216666780277,0
"572",21,0.257641641895478,1
"573",23,0.229688574215067,1
"574",21,0.243086629436997,1
"575",15,0.281744103219177,0
"576",19,0.251307979625619,0
"577",17,0.29926631730616,1
"578",19,0.256180565273433,0
"579",22,0.224739518117875,0
"580",22,0.267346428656246,1
"581",21,0.281773614339482,1
"582",18,0.258565883205267,0
"583",22,0.225841405040122,1
"584",19,0.271845093019708,1
"585",16,0.296757380442787,0
"586",25,0.20376167876912,1
"587",20,0.243613568959967,0
"588",18,0.27124063409944,0
"589",19,0.292270861811708,1
"590",19,0.263728798066055,1
"591",18,0.267336454952993,0
"592",21,0.279562117365317,1
"593",19,0.270936389457093,1
"594",21,0.223488093912679,0
"595",21,0.247733406085417,1
"596",16,0.280049362103832,0
"597",19,0.230691097105763,0
"598",16,0.283251030136203,0
"599",19,0.300948638540981,1
"600",21,0.218822552769242,0
"601",15,0.30004566719121,0
"602",21,0.233112889023657,0
"603",20,0.259457094639984,1
"604",22,0.250972950460999,1
"605",16,0.316169046159445,1
"606",22,0.232268330629306,1
"607",20,0.246690946562222,0
"608",17,0.250833124974772,0
"609",17,0.293216120939182,1
"610",21,0.241134621966995,1
"611",22,0.215353086103879,0
"612",23,0.193846679101745,0
"613",17,0.31545316333308,1
"614",20,0.236148413821672,0
"615",19,0.268050454478813,1
"616",20,0.268885176969427,1
"617",20,0.262494826642066,1
"618",27,0.164200720372318,1
"619",15,0.303749701781056,0
"620",20,0.233966711634854,0
"621",17,0.290275911748678,1
"622",18,0.306940629947523,1
"623",21,0.240427886547444,1
"624",18,0.278279799784757,1
"625",23,0.190420480447889,0
"626",19,0.25276950765007,0
"627",18,0.24465810438417,0
"628",22,0.23509930121858,1
"629",22,0.187502419044182,0
"630",24,0.230068180833717,1
"631",21,0.231527277152151,0
"632",20,0.271068756177196,1
"633",22,0.209059359098101,0
"634",20,0.247660977365902,0
"635",20,0.24661758595441,0
"636",20,0.246582178331457,0
"637",19,0.260406020287118,0
"638",23,0.211297097090937,0
"639",22,0.223979214393625,0
"640",19,0.256411937063563,0
"641",20,0.230334600072451,0
"642",21,0.252246743597713,1
"643",19,0.258368533343164,0
"644",19,0.233662273669138,0
"645",15,0.280555281104523,0
"646",20,0.234561977622814,0
"647",18,0.284751425702969,1
"648",20,0.237477516830226,0
"649",20,0.258314620591747,1
"650",18,0.283849068788632,1
"651",23,0.246863760737244,1
"652",21,0.233243123711624,0
"653",20,0.265646963962795,1
"654",17,0.285904008615625,0
"655",16,0.275970608330917,0
"656",22,0.238353627715551,1
"657",20,0.243874066632237,0
"658",21,0.233466239534095,0
"659",21,0.244464699495108,1
"660",23,0.199061789252818,0
"661",23,0.208620898867039,0
"662",20,0.193915073034754,0
"663",20,0.227689878701349,0
"664",23,0.187247653606669,0
"665",18,0.27417518424417,0
"666",19,0.268297513630984,1
"667",20,0.284876362722589,1
"668",21,0.249429142841816,1
"669",19,0.220260535583074,0
"670",18,0.283875652831584,1
"671",16,0.324665228802459,1
"672",23,0.220967455601177,1
"673",20,0.247765135247273,0
"674",20,0.243568138254102,0
"675",21,0.212658590400716,0
"676",23,0.239063000605925,1
"677",21,0.250441909975142,1
"678",20,0.249388231021622,0
"679",21,0.234242874962379,0
"680",23,0.248321682100372,1
"681",23,0.219726737247593,1
"682",20,0.249819446837412,0
"683",21,0.224940500887081,0
"684",21,0.258022287510387,1
"685",24,0.146013979482087,0
"686",22,0.232164390851588,1
"687",22,0.200455127859358,0
"688",22,0.207026952653159,0
"689",17,0.273964151350661,0
"690",18,0.270359438277425,0
"691",21,0.240386196119322,1
"692",21,0.253126319297103,1
"693",20,0.27219278310796,1
"694",20,0.207521499029006,0
"695",18,0.301642093115344,1
"696",16,0.303052116621033,1
"697",23,0.208093710225917,0
"698",19,0.247641117078846,0
"699",20,0.233379081621753,0
"700",21,0.232951374925512,0
"701",20,0.237493266698721,0
"702",19,0.254795668230575,0
"703",22,0.196990127693024,0
"704",19,0.28532371952561,1
"705",20,0.262514175043125,1
"706",19,0.245108240116279,0
"707",20,0.264577851976569,1
"708",21,0.242386325400097,1
"709",19,0.267818570923572,1
"710",19,0.260087912243966,0
"711",17,0.294988502096302,1
"712",22,0.192211123794719,0
"713",18,0.25480242355597,0
"714",21,0.199298052890708,0
"715",19,0.283765454161232,1
"716",19,0.286394329627839,1
"717",23,0.219521224627097,1
"718",21,0.267489578306312,1
"719",23,0.233379958979641,1
"720",22,0.224147396910604,0
"721",20,0.241301301627131,0
"722",20,0.238144788607239,0
"723",21,0.224306633038868,0
"724",21,0.239018684379134,1
"725",20,0.234618909407225,0
"726",20,0.257201306958912,1
"727",20,0.253222765116622,1
"728",22,0.245169841675561,1
"729",19,0.269747399036967,1
"730",16,0.306329219059588,1
"731",21,0.21234779272884,0
"732",19,0.277341550148932,1
"733",18,0.2404345229587,0
"734",20,0.232803234378773,0
"735",18,0.262307569797974,0
"736",19,0.277156177786456,1
"737",17,0.282186605892674,0
"738",21,0.228753669862299,0
"739",22,0.210475441162918,0
"740",21,0.247503879049754,1
"741",18,0.293658887679895,1
"742",21,0.209791760363403,0
"743",23,0.199593043091944,0
"744",25,0.217153222912181,1
"745",21,0.25261576975879,1
"746",18,0.235308648075224,0
"747",22,0.242523575197648,1
"748",18,0.304250379503569,1
"749",17,0.270891047308506,0
"750",19,0.247533706712378,0
"751",20,0.26566246072985,1
"752",19,0.256877594454469,0
"753",22,0.229234157534334,1
"754",24,0.182455363365636,0
"755",20,0.260858710317532,1
"756",19,0.271677215769949,1
"757",19,0.257337049372219,0
"758",21,0.260262936264242,1
"759",21,0.239605135876025,1
"760",17,0.292217564598854,1
"761",19,0.306350135093526,1
"762",24,0.184978599913683,0
"763",24,0.175041244049822,0
"764",18,0.264416747990349,0
"765",16,0.319148902303441,1
"766",25,0.171864630224855,0
"767",20,0.271215620193502,1
"768",24,0.199687721481732,0
"769",23,0.201857098269934,0
"770",18,0.251585691626312,0
"771",21,0.279123005947575,1
"772",23,0.230477104777524,1
"773",18,0.263221773628117,0
"774",18,0.246424170720492,0
"775",18,0.268704450034411,0
"776",16,0.266954122308419,0
"777",23,0.19994495605908,0
"778",20,0.261183620634418,1
"779",22,0.267213478771709,1
"780",22,0.181557737816254,0
"781",17,0.282421556107981,0
"782",20,0.255474003487409,1
"783",20,0.233846134055136,0
"784",19,0.288815838472483,1
"785",21,0.21452739625416,0
"786",19,0.249666005759733,0
"787",20,0.215342740473998,0
"788",20,0.229361558989524,0
"789",23,0.21208496298538,0
"790",20,0.226366773094851,0
"791",21,0.233523897819815,0
"792",20,0.268334861898967,1
"793",20,0.26453475708992,1
"794",20,0.253286035132699,1
"795",18,0.283364889029775,1
"796",18,0.258182553429452,0
"797",20,0.251635866568079,1
"798",19,0.253290338964196,0
"799",20,0.233079093298431,0
"800",18,0.240969173121939,0
"801",17,0.246001575252893,0
"802",20,0.208103618509592,0
"803",22,0.216815961126127,0
"804",19,0.25496652227961,0
"805",22,0.219581152261293,0
"806",25,0.226985476620475,1
"807",17,0.268422890170094,0
"808",19,0.269621745486735,1
"809",22,0.243350539448763,1
"810",22,0.223039116235586,0
"811",23,0.19006689481279,0
"812",19,0.268579600366733,1
"813",23,0.218136160985995,1
"814",22,0.223938189089653,0
"815",21,0.220878390085949,0
"816",20,0.280683207204344,1
"817",24,0.186644430998192,0
"818",23,0.218466808320252,1
"819",22,0.243444367083784,1
"820",20,0.247526680186671,0
"821",20,0.223777942183298,0
"822",21,0.2427314592507,1
"823",21,0.234538195641886,0
"824",16,0.290949900159484,0
"825",19,0.254716130779123,0
"826",19,0.238439446271543,0
"827",17,0.281232272819081,0
"828",22,0.259559123881657,1
"829",22,0.231642093520062,1
"830",17,0.304806599940737,1
"831",17,0.2743077312275,0
"832",20,0.260119213661294,1
"833",20,0.243083025331944,0
"834",24,0.210068292651186,1
"835",17,0.288624451675193,1
"836",16,0.320549356478925,1
"837",17,0.299496513634411,1
"838",17,0.29252892562339,1
"839",24,0.211258135064705,1
"840",22,0.242278707653824,1
"841",19,0.268215614804362,1
"842",21,0.210941850326035,0
"843",18,0.278539514892166,1
"844",20,0.236707908014616,0
"845",19,0.258785601271691,0
"846",20,0.248016008156628,0
"847",23,0.219681088306127,1
"848",16,0.321514161317749,1
"849",15,0.303350914143436,0
"850",22,0.228730009896749,1
"851",17,0.277447238958436,0
"852",23,0.203919835087388,0
"853",19,0.2873562183367,1
"854",18,0.270084791678775,0
"855",18,0.297632639376944,1
"856",24,0.179243944295892,0
"857",17,0.255061293848677,0
"858",22,0.24961828735643,1
"859",18,0.22913770289839,0
"860",20,0.264589734975404,1
"861",21,0.24051601865288,1
"862",18,0.267877152437212,0
"863",19,0.257946988955838,0
"864",24,0.217022845515269,1
"865",22,0.219241611761926,0
"866",19,0.257837792895768,0
"867",17,0.279331713924671,0
"868",23,0.202636155238182,0
"869",22,0.247604954031733,1
"870",26,0.144875335398096,0
"871",18,0.267017472050335,0
"872",21,0.205090234422397,0
"873",22,0.232603259603504,1
"874",20,0.267289290270547,1
"875",20,0.251334666955049,1
"876",21,0.269221235143235,1
"877",18,0.284415003881914,1
"878",23,0.214251221112788,1
"879",19,0.239895200621012,0
"880",22,0.232728636760984,1
"881",22,0.222803833416087,0
"882",22,0.24909023583015,1
"883",22,0.204923086118401,0
"884",19,0.276109504136804,1
"885",19,0.27035296483593,1
"886",20,0.278903016875902,1
"887",19,0.229941488101809,0
"888",23,0.199741548268471,0
"889",19,0.269046907154547,1
"890",19,0.265359739635297,1
"891",23,0.201481126006968,0
"892",18,0.231872186663803,0
"893",17,0.284408473381968,0
"894",19,0.253393892292655,0
"895",19,0.263410673757837,1
"896",24,0.194088173030132,0
"897",23,0.246585695162857,1
"898",22,0.216397869810196,0
"899",20,0.239552241818491,0
"900",18,0.264371862918087,0
"901",19,0.261964756417226,0
"902",17,0.288707263807585,1
"903",22,0.200151401986394,0
"904",17,0.285174849961145,0
"905",21,0.234462169254304,0
"906",18,0.261979141802029,0
"907",21,0.254789532254037,1
"908",21,0.252456002631951,1
"909",20,0.265052033784208,1
"910",19,0.263591489766546,1
"911",21,0.228128771799188,0
"912",20,0.262625641709443,1
"913",16,0.282285845801438,0
"914",20,0.276147816046521,1
"915",22,0.223288851849415,0
"916",18,0.296427403696333,1
"917",18,0.285376590664106,1
"918",17,0.297973996419384,1
"919",20,0.250591624957569,1
"920",19,0.276973746801111,1
"921",17,0.305664416809402,1
"922",21,0.246574969458798,1
"923",19,0.273925707542648,1
"924",22,0.246071574191854,1
"925",22,0.228287383119744,1
"926",17,0.33275524409696,1
"927",19,0.272293298125912,1
"928",19,0.283555801224664,1
"929",19,0.232539635592137,0
"930",19,0.247525946246386,0
"931",20,0.274909926189705,1
"932",23,0.219019638362183,1
"933",20,0.282883139156994,1
"934",16,0.297777840817234,0
"935",20,0.264124836027405,1
"936",19,0.253351954279917,0
"937",18,0.266436655493018,0
"938",19,0.231854731878812,0
"939",22,0.230441599586944,1
"940",18,0.310100116599784,1
"941",20,0.264182048087865,1
"942",18,0.244813879454361,0
"943",22,0.223716407654141,0
"944",22,0.245921950619495,1
"945",22,0.237022400998495,1
"946",20,0.235821511238918,0
"947",15,0.298050633335726,0
"948",18,0.258665926101555,0
"949",18,0.262820523843542,0
"950",20,0.235166523819023,0
"951",21,0.247925548739322,1
"952",20,0.289704761343346,1
"953",21,0.24302148241347,1
"954",19,0.268047092147146,1
"955",20,0.27374752003113,1
"956",21,0.264477479397859,1
"957",17,0.294332988350754,1
"958",21,0.221515198358176,0
"959",23,0.182811700482967,0
"960",19,0.256868160962329,0
"961",19,0.250816213305284,0
"962",19,0.256897349773921,0
"963",19,0.257856696015471,0
"964",17,0.273184767770164,0
"965",23,0.217628215424084,1
"966",19,0.256867582205487,0
"967",20,0.209496710198568,0
"968",20,0.221887085636307,0
"969",20,0.248105523758166,0
"970",19,0.271102886447854,1
"971",19,0.209192598695999,0
"972",22,0.239223475292068,1
"973",21,0.233523175237606,0
"974",23,0.22610957914485,1
"975",19,0.256101536221093,0
"976",21,0.245205257150424,1
"977",18,0.270462247245229,0
"978",21,0.223864032266219,0
"979",21,0.24637033077849,1
"980",21,0.240089679548351,1
"981",20,0.272591267357877,1
"982",20,0.232412800568079,0
"983",19,0.21517854328275,0
"984",23,0.184417522665659,0
"985",17,0.286724847377932,0
"986",19,0.251031781501751,0
"987",21,0.22373681308668,0
"988",20,0.268002513886998,1
"989",20,0.234768381693286,0
"990",23,0.210247389964512,0
"991",16,0.325935567788848,1
"992",20,0.255030546282656,1
"993",19,0.263092112773064,1
"994",23,0.225158227237271,1
"995",22,0.242604808911698,1
"996",21,0.210334455159427,0
"997",21,0.243783002469665,1
"998",21,0.227765670536943,0
"999",18,0.253115959458703,0
"1000",20,0.247441830901175,0
"1001",18,0.268961811538631,0
"1002",22,0.250086432151614,1
"1003",21,0.253920687943845,1
"1004",19,0.25925982929283,0
"1005",20,0.274580287092493,1
"1006",21,0.226344449945081,0
"1007",22,0.228091954068796,1
"1008",24,0.208416502501055,1
"1009",19,0.249442485884555,0
"1010",21,0.231072492205163,0
"1011",19,0.265663257736355,1
"1012",22,0.251591983613054,1
"1013",21,0.218156462669667,0
"1014",21,0.253521644505779,1
"1015",19,0.294946050721264,1
"1016",19,0.274167432856718,1
"1017",20,0.266009983163459,1
"1018",21,0.214821504081877,0
"1019",21,0.227536872350469,0
"1020",20,0.255475863814411,1
"1021",21,0.274377127916593,1
"1022",21,0.260561774585543,1
"1023",22,0.222467871645483,0
"1024",21,0.241045977807993,1
"1025",25,0.228796017452391,1
"1026",20,0.282642353966845,1
"1027",20,0.268474133598295,1
"1028",17,0.262975505452873,0
"1029",22,0.238448530808463,1
"1030",19,0.260574806053443,0
"1031",18,0.25725485873379,0
"1032",16,0.335034627498745,1
"1033",21,0.205440498846101,0
"1034",20,0.25494952398103,1
"1035",20,0.267101832990153,1
"1036",17,0.303537142758121,1
"1037",21,0.257576140643999,1
"1038",19,0.272321769142354,1
"1039",16,0.315232255794874,1
"1040",19,0.299456902257461,1
"1041",18,0.26194745012732,0
"1042",18,0.298993096688033,1
"1043",18,0.271519109321983,0
"1044",22,0.247277398629352,1
"1045",20,0.225324628541344,0
"1046",21,0.233701057542735,0
"1047",17,0.300982540155731,1
"1048",19,0.28521539128149,1
"1049",22,0.247569447773514,1
"1050",20,0.247198563975715,0
"1051",19,0.226542731373253,0
"1052",22,0.233382607484892,1
"1053",18,0.272458267907362,0
"1054",20,0.230943099790596,0
"1055",19,0.261728955371967,0
"1056",22,0.211318813556813,0
"1057",21,0.23959866639803,1
"1058",17,0.259896643241237,0
"1059",21,0.257330331962459,1
"1060",21,0.244513009318756,1
"1061",19,0.260163917174582,0
"1062",20,0.272090198023851,1
"1063",18,0.251458105006892,0
"1064",23,0.246427109407531,1
"1065",20,0.288948318505141,1
"1066",21,0.251284510016436,1
"1067",19,0.248597418078555,0
"1068",23,0.212875601737014,1
"1069",20,0.23170557032642,0
"1070",22,0.263730922325824,1
"1071",19,0.253837007974634,0
"1072",21,0.221941637796838,0
"1073",23,0.216887220379008,1
"1074",22,0.204960335528912,0
"1075",19,0.26861648776898,1
"1076",20,0.254584824499017,1
"1077",23,0.211358352630233,0
"1078",19,0.24429500030457,0
"1079",21,0.220525291793901,0
"1080",19,0.225338184189508,0
"1081",17,0.281042304425972,0
"1082",21,0.241309559451594,1
"1083",19,0.267777561641054,1
"1084",22,0.192860698672413,0
"1085",23,0.200785340404852,0
"1086",22,0.223420121825917,0
"1087",18,0.255449143903476,0
"1088",19,0.282950648200863,1
"1089",17,0.298592004888187,1
"1090",21,0.219262201063163,0
"1091",20,0.263322209317317,1
"1092",20,0.251882383713825,1
"1093",20,0.264384947544805,1
"1094",21,0.227592477323149,0
"1095",22,0.2467561953999,1
"1096",22,0.216499715015165,0
"1097",23,0.214941501055224,1
"1098",21,0.26196552727174,1
"1099",22,0.220613377370378,0
"1100",19,0.263173787469525,1
"1101",20,0.246747644728589,0
"1102",23,0.238744758643348,1
"1103",19,0.227798721576562,0
"1104",18,0.272260502560447,0
"1105",22,0.228691425637844,1
"1106",23,0.215796969063177,1
"1107",23,0.197662321515326,0
"1108",20,0.230355670594501,0
"1109",20,0.276629747755985,1
"1110",20,0.257171783812429,1
"1111",22,0.202613625630322,0
"1112",21,0.25783602038459,1
"1113",26,0.150029604099322,0
"1114",20,0.229584258776993,0
"1115",19,0.262252905624852,0
"1116",19,0.250807689024669,0
"1117",21,0.253306735686125,1
"1118",18,0.263488653851499,0
"1119",19,0.229561338933326,0
"1120",17,0.314816308091566,1
"1121",17,0.294958863593689,1
"1122",20,0.244924830348686,0
"1123",18,0.234375518477368,0
"1124",17,0.324965587574693,1
"1125",19,0.251029843884862,0
"1126",22,0.231690405345196,1
"1127",21,0.229906780628891,0
"1128",22,0.255509006035591,1
"1129",18,0.298935783654927,1
"1130",20,0.241574582030541,0
"1131",20,0.243201958365386,0
"1132",18,0.306754698957328,1
"1133",18,0.257408799494623,0
"1134",23,0.201670952596374,0
"1135",17,0.289073106792771,1
"1136",20,0.258218252817394,1
"1137",20,0.232463793015095,0
"1138",25,0.221122785980362,1
"1139",20,0.251424883294177,1
"1140",18,0.278681438875527,1
"1141",21,0.239566524404058,1
"1142",22,0.215678311914837,0
"1143",23,0.200873047360652,0
"1144",21,0.239606938027764,1
"1145",19,0.294271961911402,1
"1146",22,0.230296044948933,1
"1147",22,0.229865454346754,1
"1148",21,0.23157011530979,0
"1149",19,0.247250416632122,0
"1150",19,0.256528977145633,0
"1151",17,0.301736337143795,1
"1152",21,0.229082021300349,0
"1153",18,0.257569095759752,0
"1154",20,0.257866614690813,1
"1155",17,0.277432268887656,0
"1156",21,0.255100198055128,1
"1157",19,0.249750048500272,0
"1158",21,0.261488244335727,1
"1159",22,0.235544986729404,1
"1160",20,0.252193329907457,1
"1161",24,0.183099605510583,0
"1162",20,0.230986560196093,0
"1163",19,0.288433323944167,1
"1164",19,0.25788846896888,0
"1165",21,0.223711265935553,0
"1166",23,0.224757022592555,1
"1167",27,0.161404579022297,0
"1168",19,0.243877113360156,0
"1169",18,0.306581188765761,1
"1170",19,0.222594457809099,0
"1171",20,0.238320749374175,0
"1172",22,0.251106910293172,1
"1173",21,0.21369489880317,0
"1174",23,0.245018431957788,1
"1175",14,0.326358761328263,1
"1176",25,0.188791561796879,1
"1177",21,0.227979418906527,0
"1178",20,0.237477857474464,0
"1179",19,0.25520520784516,0
"1180",21,0.267660198915894,1
"1181",21,0.235841050057274,0
"1182",20,0.272329703098833,1
"1183",22,0.229140969423899,1
"1184",20,0.231386069226157,0
"1185",16,0.314843750144517,1
"1186",19,0.238074521250598,0
"1187",21,0.234807696318197,0
"1188",20,0.238820055048364,0
"1189",19,0.255364316809225,0
"1190",16,0.334437554902341,1
"1191",18,0.237419685591675,0
"1192",21,0.252968538308281,1
"1193",20,0.208472311635128,0
"1194",20,0.238031798895624,0
"1195",19,0.277523977094016,1
"1196",21,0.258166744601544,1
"1197",21,0.272848122452525,1
"1198",21,0.24016521869556,1
"1199",20,0.259983249909621,1
"1200",21,0.204556700281935,0
"1201",22,0.213485294296929,0
"1202",19,0.236118004609167,0
"1203",22,0.272375805079891,1
"1204",15,0.34196338926187,1
"1205",19,0.245741471686403,0
"1206",20,0.213680891587351,0
"1207",21,0.264609770078663,1
"1208",21,0.235999091701076,0
"1209",19,0.271992560485801,1
"1210",17,0.271279473333586,0
"1211",20,0.248831825305214,0
"1212",19,0.27003905232253,1
"1213",18,0.265579836882721,0
"1214",18,0.26451689628164,0
"1215",23,0.195215936484651,0
"1216",19,0.281851824797033,1
"1217",17,0.26876970330496,0
"1218",17,0.297204725601457,1
"1219",18,0.267073050788254,0
"1220",23,0.209123692095383,0
"1221",15,0.323870141545715,1
"1222",21,0.273499160469577,1
"1223",24,0.164360738954074,0
"1224",20,0.267153911137299,1
"1225",24,0.211904106556035,1
"1226",22,0.220734456045782,0
"1227",18,0.259312886461769,0
"1228",22,0.247659071518373,1
"1229",19,0.251098557384213,0
"1230",17,0.272609904365831,0
"1231",21,0.222168083384626,0
"1232",19,0.248467578588403,0
"1233",20,0.238420080541151,0
"1234",19,0.226794240715781,0
"1235",20,0.265751010351951,1
"1236",22,0.22841685063066,1
"1237",18,0.276914262190881,1
"1238",23,0.203256951659802,0
"1239",20,0.263642101331814,1
"1240",19,0.227262540558997,0
"1241",20,0.268917995470816,1
"1242",20,0.259785667199677,1
"1243",22,0.207215245285019,0
"1244",20,0.218515410401533,0
"1245",17,0.289625604504571,1
"1246",18,0.263594438524215,0
"1247",20,0.2509134171936,1
"1248",19,0.270502618410849,1
"1249",19,0.239567255154387,0
"1250",18,0.276965055611033,1
"1251",20,0.239980845829901,0
"1252",19,0.224847066128996,0
"1253",17,0.292806478110789,1
"1254",22,0.233199138553352,1
"1255",18,0.250921713260897,0
"1256",18,0.282237107924602,1
"1257",18,0.258539162797083,0
"1258",19,0.229926086021574,0
"1259",20,0.217459055175143,0
"1260",20,0.264356627212679,1
"1261",22,0.18719870020467,0
"1262",21,0.231610316189646,0
"1263",22,0.214129065185442,0
"1264",21,0.232332637816667,0
"1265",20,0.25437477172505,1
"1266",20,0.235357499387488,0
"1267",16,0.263236334841869,0
"1268",20,0.251294454833261,1
"1269",22,0.231743549536039,1
"1270",20,0.286000365318154,1
"1271",19,0.271032797549842,1
"1272",16,0.303659525650333,1
"1273",21,0.241980047798808,1
"1274",18,0.296035545247299,1
"1275",20,0.246539556826719,0
"1276",19,0.237792961401723,0
"1277",20,0.225083554733023,0
"1278",19,0.25972918617509,0
"1279",19,0.279956156917502,1
"1280",22,0.258467618375957,1
"1281",18,0.24262467631782,0
"1282",19,0.238094567606797,0
"1283",21,0.229145934766511,0
"1284",20,0.238011318218315,0
"1285",23,0.207111071583723,0
"1286",17,0.30256445619481,1
"1287",20,0.242937762339134,0
"1288",22,0.247787944963831,1
"1289",19,0.226020686602479,0
"1290",19,0.281736532539957,1
"1291",22,0.242225177877336,1
"1292",21,0.234279553985427,0
"1293",19,0.232895884431951,0
"1294",18,0.241941516809665,0
"1295",23,0.244482847775866,1
"1296",18,0.267891979499154,0
"1297",19,0.254142445991853,0
"1298",19,0.254516148952713,0
"1299",21,0.226790428169633,0
"1300",23,0.223375539388338,1
"1301",17,0.260558680690623,0
"1302",24,0.24071816237311,1
"1303",22,0.226841866708126,1
"1304",21,0.261006059907843,1
"1305",18,0.275204897136614,1
"1306",20,0.234735586175465,0
"1307",21,0.27322507901843,1
"1308",22,0.225415242518168,1
"1309",17,0.282727413875267,0
"1310",22,0.210823986052685,0
"1311",18,0.289998480123721,1
"1312",21,0.231505952618203,0
"1313",17,0.293931712773026,1
"1314",19,0.248870272368629,0
"1315",20,0.254519539544448,1
"1316",17,0.308252245205517,1
"1317",21,0.222335332676202,0
"1318",20,0.245998355910993,0
"1319",22,0.24861675230967,1
"1320",22,0.253763618428761,1
"1321",20,0.241908779446695,0
"1322",21,0.206913941461134,0
"1323",21,0.268264251061165,1
"1324",22,0.239450645204037,1
"1325",20,0.271867278046021,1
"1326",19,0.266467891275274,1
"1327",18,0.266103069913556,0
"1328",19,0.253414146981962,0
"1329",23,0.223097627308157,1
"1330",20,0.213384793263288,0
"1331",21,0.259522103514248,1
"1332",20,0.26636874729023,1
"1333",15,0.290280536825726,0
"1334",17,0.279974360777076,0
"1335",17,0.280247753407166,0
"1336",19,0.268762338885471,1
"1337",22,0.192890101619758,0
"1338",15,0.283879449625127,0
"1339",23,0.213243711554909,1
"1340",16,0.255390888224551,0
"1341",18,0.271602211449741,0
"1342",17,0.321844381718716,1
"1343",17,0.281463649619387,0
"1344",20,0.230456542503102,0
"1345",21,0.223897631056472,0
"1346",18,0.283423147445624,1
"1347",22,0.236382207784538,1
"1348",19,0.26436251575329,1
"1349",22,0.214548380814837,0
"1350",21,0.230719435730731,0
"1351",23,0.210567402621247,0
"1352",20,0.239664698039951,0
"1353",21,0.226475362307573,0
"1354",21,0.233224842472661,0
"1355",19,0.262336508633201,0
"1356",22,0.189383420043133,0
"1357",20,0.251475760878762,1
"1358",16,0.288207796124804,0
"1359",22,0.197596192866268,0
"1360",26,0.186833985589365,1
"1361",19,0.270197043089282,1
"1362",19,0.276074772509352,1
"1363",17,0.284068982402907,0
"1364",21,0.215208758429345,0
"1365",18,0.232452787173864,0
"1366",17,0.297825875256975,1
"1367",18,0.220368896131773,0
"1368",22,0.240293240445886,1
"1369",19,0.287699936165145,1
"1370",21,0.231043949244762,0
"1371",22,0.250458145936759,1
"1372",17,0.26754864803469,0
"1373",23,0.234080771830947,1
"1374",23,0.216008922321975,1
"1375",20,0.269429311760889,1
"1376",18,0.264453439389268,0
"1377",20,0.246699970777445,0
"1378",21,0.229673485555677,0
"1379",20,0.221519389414103,0
"1380",20,0.258181945300649,1
"1381",22,0.185024884159663,0
"1382",21,0.281088369142265,1
"1383",18,0.254557641791302,0
"1384",19,0.260323589767721,0
"1385",16,0.314238629918921,1
"1386",21,0.243282451770502,1
"1387",17,0.275068437441725,0
"1388",19,0.221842428449521,0
"1389",23,0.219881429611088,1
"1390",24,0.172130047916156,0
"1391",24,0.19145673762544,0
"1392",21,0.216617717406921,0
"1393",19,0.223342919760354,0
"1394",16,0.310917735547641,1
"1395",17,0.284913391661852,0
"1396",22,0.22741512041662,1
"1397",20,0.260022264057885,1
"1398",21,0.251079679711697,1
"1399",25,0.192166744858212,1
"1400",20,0.251849898668021,1
"1401",20,0.28154259807779,1
"1402",23,0.230813790014204,1
"1403",20,0.276473685218509,1
"1404",20,0.251663945294411,1
"1405",21,0.234209117451917,0
"1406",19,0.256521265165483,0
"1407",16,0.273548634328206,0
"1408",23,0.210108800196896,0
"1409",22,0.23295914085543,1
"1410",18,0.247033237619401,0
"1411",21,0.215923896487357,0
"1412",20,0.230568803817083,0
"1413",20,0.275335393843458,1
"1414",23,0.204953333492198,0
"1415",19,0.218142899939914,0
"1416",19,0.307427548681165,1
"1417",19,0.285478476448593,1
"1418",19,0.249925044056049,0
"1419",21,0.23265018650125,0
"1420",22,0.19217681463624,0
"1421",18,0.269300622981279,0
"1422",19,0.249178869918215,0
"1423",18,0.249836919547266,0
"1424",18,0.244911342864111,0
"1425",20,0.258882113848894,1
"1426",24,0.196053127004057,0
"1427",21,0.244249126827135,1
"1428",18,0.237715622859991,0
"1429",23,0.218202740312602,1
"1430",21,0.210793188486441,0
"1431",18,0.281634401439409,1
"1432",22,0.240375272849949,1
"1433",20,0.211109304991506,0
"1434",20,0.271418225503201,1
"1435",19,0.279524074866091,1
"1436",24,0.207558321289521,1
"1437",20,0.250268082457099,1
"1438",22,0.259134547339642,1
"1439",21,0.217928600912296,0
"1440",20,0.235856024776311,0
"1441",21,0.263683237880457,1
"1442",23,0.214280041109768,1
"1443",19,0.251660531978109,0
"1444",21,0.199320519178123,0
"1445",19,0.259600044464684,0
"1446",18,0.257213302842512,0
"1447",18,0.252706112548863,0
"1448",18,0.276188211122097,1
"1449",23,0.231246044408943,1
"1450",21,0.247150744254814,1
"1451",20,0.201414925679433,0
"1452",20,0.219261682804129,0
"1453",17,0.267833970464114,0
"1454",17,0.266171742187486,0
"1455",22,0.242605946986167,1
"1456",22,0.251454933168733,1
"1457",18,0.280159627615652,1
"1458",19,0.275015834900664,1
"1459",20,0.240695846788908,0
"1460",23,0.242706568176584,1
"1461",23,0.190717847565991,0
"1462",22,0.207890062046789,0
"1463",18,0.272197430649217,0
"1464",19,0.251464396253255,0
"1465",18,0.301322966702194,1
"1466",22,0.247306877670833,1
"1467",20,0.244786350799475,0
"1468",20,0.225414707118776,0
"1469",20,0.281663434311294,1
"1470",20,0.258615406268738,1
"1471",18,0.267387877427448,0
"1472",17,0.291424891536228,1
"1473",19,0.253237687913549,0
"1474",17,0.28446051193943,0
"1475",22,0.255361878470075,1
"1476",18,0.243593486903134,0
"1477",20,0.24968322811574,0
"1478",23,0.217970760156521,1
"1479",21,0.236751174182387,0
"1480",21,0.239384544023331,1
"1481",23,0.20623131137095,0
"1482",20,0.232481350272638,0
"1483",22,0.241328705596123,1
"1484",20,0.226114536990152,0
"1485",20,0.249875713939272,0
"1486",25,0.19608914372246,1
"1487",19,0.258210962846157,0
"1488",18,0.274597359688685,0
"1489",18,0.311008545837845,1
"1490",21,0.231145729368282,0
"1491",20,0.266962657440145,1
"1492",21,0.240972818308111,1
"1493",24,0.214694167395618,1
"1494",20,0.253706588580015,1
"1495",20,0.257589274202734,1
"1496",17,0.289840600956232,1
"1497",19,0.26998521455891,1
"1498",16,0.299593093933953,0
"1499",19,0.26659772407478,1
"1500",22,0.243043864193871,1
"1501",25,0.18195134271003,0
"1502",20,0.207662503545099,0
"1503",20,0.263637812348947,1
"1504",19,0.253342451743796,0
"1505",19,0.252167454311312,0
"1506",21,0.252614105475103,1
"1507",15,0.311375453287989,0
"1508",20,0.217165413326515,0
"1509",20,0.232351915599067,0
"1510",17,0.324118377342199,1
"1511",20,0.249812729345529,0
"1512",21,0.213833470839615,0
"1513",22,0.233811221268799,1
"1514",21,0.219610836187412,0
"1515",19,0.282996658636927,1
"1516",20,0.269305241581485,1
"1517",18,0.276277296353774,1
"1518",17,0.270975519250848,0
"1519",19,0.227704380514738,0
"1520",19,0.255423890846405,0
"1521",20,0.273037234188518,1
"1522",21,0.267842929122527,1
"1523",22,0.190823390497087,0
"1524",19,0.23439038415842,0
"1525",19,0.293540346227081,1
"1526",19,0.255973660866631,0
"1527",20,0.283440274567279,1
"1528",20,0.240434306407949,0
"1529",17,0.298097435964542,1
"1530",17,0.301762970979293,1
"1531",24,0.204364863041997,1
"1532",20,0.279457157115837,1
"1533",23,0.184087103119862,0
"1534",24,0.181733736704835,0
"1535",21,0.227040647258272,0
"1536",21,0.247456909494018,1
"1537",22,0.221873791863076,0
"1538",22,0.242680899065847,1
"1539",21,0.248901548429782,1
"1540",18,0.308570637670616,1
"1541",23,0.241227065010024,1
"1542",20,0.255869265874278,1
"1543",22,0.247622378207081,1
"1544",21,0.211289653437549,0
"1545",19,0.250436015353779,0
"1546",22,0.234587197545493,1
"1547",17,0.289292367504339,1
"1548",19,0.262949526756074,1
"1549",18,0.314275290385422,1
"1550",20,0.261452979015796,1
"1551",16,0.297829863592815,0
"1552",17,0.328562815564499,1
"1553",18,0.26335365243171,0
"1554",19,0.258005215897797,0
"1555",19,0.276927551894825,1
"1556",22,0.240814171922627,1
"1557",23,0.207609466127597,0
"1558",20,0.234389274798525,0
"1559",21,0.224249738666661,0
"1560",16,0.331068521004539,1
"1561",18,0.268501869889719,0
"1562",22,0.222618909638801,0
"1563",22,0.242112098000821,1
"1564",21,0.273369024168449,1
"1565",18,0.226022775594832,0
"1566",20,0.240466536319856,0
"1567",18,0.29595287718632,1
"1568",23,0.210563360610484,0
"1569",20,0.246759080274721,0
"1570",23,0.223454099635695,1
"1571",22,0.240895697344836,1
"1572",21,0.248993487745299,1
"1573",21,0.234401965287251,0
"1574",22,0.215548032838397,0
"1575",19,0.253794206142481,0
"1576",18,0.280059139983872,1
"1577",17,0.299215432005464,1
"1578",22,0.210358517945279,0
"1579",20,0.252713293150444,1
"1580",22,0.242486500627337,1
"1581",20,0.232615988612804,0
"1582",19,0.248594333423859,0
"1583",17,0.311836167124243,1
"1584",20,0.224744448658911,0
"1585",21,0.25363623572292,1
"1586",21,0.228391830532521,0
"1587",17,0.304176357455285,1
"1588",19,0.25722668572641,0
"1589",23,0.226871769053148,1
"1590",17,0.316857857919646,1
"1591",22,0.255599665783472,1
"1592",17,0.301629617005658,1
"1593",22,0.234171292296708,1
"1594",21,0.25919369479829,1
"1595",23,0.249351876431362,1
"1596",20,0.256119811139358,1
"1597",17,0.302760380196619,1
"1598",21,0.24848462005032,1
"1599",19,0.259602186692694,0
"1600",22,0.218334362529352,0
"1601",22,0.205336001904957,0
"1602",20,0.257526253240573,1
"1603",19,0.264843021707014,1
"1604",21,0.237361866837886,0
"1605",22,0.2066008347349,0
"1606",23,0.211595387170068,0
"1607",19,0.248526604237675,0
"1608",16,0.317856666464844,1
"1609",17,0.268262655740097,0
"1610",25,0.175612248805416,0
"1611",19,0.262469633296141,0
"1612",21,0.246757362168103,1
"1613",22,0.236169168726077,1
"1614",17,0.272496169288387,0
"1615",19,0.257273625611826,0
"1616",22,0.251371139059093,1
"1617",22,0.232270080420537,1
"1618",23,0.224622111569275,1
"1619",22,0.212196043812947,0
"1620",17,0.287895610748786,1
"1621",20,0.293781837990199,1
"1622",20,0.262127716903063,1
"1623",20,0.228365119346578,0
"1624",19,0.265860339356316,1
"1625",17,0.257887681185156,0
"1626",20,0.270028986834876,1
"1627",20,0.253903512485984,1
"1628",21,0.240932407107986,1
"1629",19,0.275246369472255,1
"1630",23,0.230367224704008,1
"1631",18,0.274425881014141,0
"1632",18,0.232722462276163,0
"1633",21,0.203287439180223,0
"1634",18,0.264829472468395,0
"1635",20,0.229117146654585,0
"1636",22,0.223252511719341,0
"1637",20,0.211309201091527,0
"1638",20,0.260659892436859,1
"1639",22,0.248870047308316,1
"1640",15,0.26297129702928,0
"1641",18,0.264804933387132,0
"1642",21,0.26623878973941,1
"1643",17,0.265264263373336,0
"1644",20,0.25700881398453,1
"1645",24,0.214843997249909,1
"1646",19,0.265796536892807,1
"1647",17,0.273054448523318,0
"1648",19,0.266347058612375,1
"1649",23,0.221401950654526,1
"1650",18,0.253273980958653,0
"1651",19,0.259300868758749,0
"1652",18,0.249670967168527,0
"1653",18,0.274395455879929,0
"1654",19,0.294325465281138,1
"1655",22,0.241215307598801,1
"1656",18,0.246608063238536,0
"1657",20,0.32359179521539,1
"1658",22,0.221850296030239,0
"1659",21,0.241549462301741,1
"1660",17,0.294987284512643,1
"1661",23,0.234532510361987,1
"1662",22,0.235523384914155,1
"1663",17,0.293038364473739,1
"1664",19,0.292023133138025,1
"1665",19,0.258164028143569,0
"1666",21,0.239007215799768,1
"1667",16,0.286336769682397,0
"1668",22,0.197750230764452,0
"1669",20,0.265707841252598,1
"1670",17,0.308852952333776,1
"1671",16,0.294981314951891,0
"1672",22,0.222044448141202,0
"1673",17,0.285164701113042,0
"1674",21,0.230271914318457,0
"1675",20,0.238172151252117,0
"1676",17,0.281608968551231,0
"1677",22,0.21825871946082,0
"1678",20,0.255779134587574,1
"1679",22,0.23851080856387,1
"1680",17,0.296448285106321,1
"1681",21,0.245395366752841,1
"1682",22,0.240524952475221,1
"1683",21,0.2441408127668,1
"1684",16,0.278192731675264,0
"1685",20,0.243147682167177,0
"1686",20,0.285391767693714,1
"1687",21,0.229142293172963,0
"1688",20,0.233388568621132,0
"1689",17,0.284303133771879,0
"1690",19,0.256423270419783,0
"1691",20,0.234612527642759,0
"1692",21,0.246185311900364,1
"1693",22,0.231795597843511,1
"1694",22,0.238108893307432,1
"1695",24,0.221441099810051,1
"1696",20,0.250537710333413,1
"1697",22,0.217820395524028,0
"1698",24,0.193755026880408,0
"1699",21,0.242290059389338,1
"1700",18,0.262138316047229,0
"1701",18,0.268461337357273,0
"1702",18,0.261638932712859,0
"1703",19,0.245980737468964,0
"1704",21,0.183622137635661,0
"1705",23,0.217832525366637,1
"1706",23,0.24273989246917,1
"1707",19,0.253066579718902,0
"1708",23,0.225268837499861,1
"1709",18,0.258579178375767,0
"1710",21,0.243626621139584,1
"1711",22,0.241468989265121,1
"1712",21,0.229837425005439,0
"1713",18,0.269024004597715,0
"1714",24,0.219158964539825,1
"1715",25,0.158060974864378,0
"1716",23,0.196163885518904,0
"1717",20,0.250707574026519,1
"1718",18,0.245150256792466,0
"1719",20,0.226153986167515,0
"1720",21,0.249179070393125,1
"1721",20,0.242232689387069,0
"1722",19,0.26294058804517,1
"1723",20,0.266860884178713,1
"1724",23,0.209128453373173,0
"1725",23,0.199919663554219,0
"1726",23,0.187971091435606,0
"1727",17,0.267130785974035,0
"1728",20,0.284440075576764,1
"1729",21,0.213161560045839,0
"1730",18,0.242718648177046,0
"1731",21,0.250823306687655,1
"1732",21,0.273304722824245,1
"1733",24,0.146018939998736,0
"1734",21,0.236338902001388,0
"1735",21,0.234413121966236,0
"1736",19,0.216710630970425,0
"1737",20,0.23113959940554,0
"1738",25,0.187479935330839,0
"1739",23,0.225667862224506,1
"1740",20,0.23972337484903,0
"1741",23,0.223227510004703,1
"1742",16,0.276894309048155,0
"1743",18,0.249253697625009,0
"1744",20,0.249550915934877,0
"1745",21,0.23128615666687,0
"1746",19,0.251489002311844,0
"1747",18,0.298356916038238,1
"1748",20,0.240083167516735,0
"1749",20,0.2434025781676,0
"1750",20,0.233188109454856,0
"1751",19,0.255773460697015,0
"1752",23,0.192232554464215,0
"1753",20,0.276959129450863,1
"1754",18,0.274757961913504,0
"1755",21,0.222003717908696,0
"1756",20,0.249889064674518,0
"1757",19,0.241045862724451,0
"1758",17,0.307407397902264,1
"1759",21,0.278470665048173,1
"1760",22,0.209347034272627,0
"1761",18,0.273758694637126,0
"1762",17,0.289147182355426,1
"1763",21,0.227765503010553,0
"1764",18,0.260500112210692,0
"1765",19,0.251785228826305,0
"1766",21,0.235264623534728,0
"1767",20,0.256642113052878,1
"1768",20,0.274298525581967,1
"1769",16,0.28055186023693,0
"1770",17,0.280272951275825,0
"1771",16,0.289756380519346,0
"1772",25,0.165082679375558,0
"1773",21,0.234452756138601,0
"1774",22,0.202599308919085,0
"1775",20,0.236970295729122,0
"1776",20,0.269656788318118,1
"1777",21,0.268693704860345,1
"1778",18,0.227437346415449,0
"1779",21,0.24891821447361,1
"1780",22,0.198118148880371,0
"1781",20,0.251170694149797,1
"1782",20,0.251249939494418,1
"1783",18,0.246427705144071,0
"1784",18,0.286078487933723,1
"1785",21,0.246011118738931,1
"1786",19,0.278713879105983,1
"1787",23,0.230817090481187,1
"1788",20,0.243004315162173,0
"1789",14,0.28437955567537,0
"1790",19,0.281564352868456,1
"1791",23,0.214911580708097,1
"1792",21,0.243066360418799,1
"1793",20,0.205778646932469,0
"1794",22,0.245283056180347,1
"1795",22,0.224706539935973,0
"1796",19,0.265611015894181,1
"1797",20,0.257076502776771,1
"1798",20,0.250641306400723,1
"1799",23,0.229192184220272,1
"1800",19,0.313943328198158,1
"1801",23,0.197578920203762,0
"1802",16,0.272300829108869,0
"1803",18,0.27790941066382,1
"1804",21,0.230116985425548,0
"1805",24,0.238566280020189,1
"1806",16,0.277248442633472,0
"1807",16,0.313718756830106,1
"1808",20,0.260074761008973,1
"1809",18,0.275079978623113,1
"1810",18,0.264311676835333,0
"1811",23,0.189746995242535,0
"1812",18,0.256799340836808,0
"1813",23,0.257632508209982,1
"1814",19,0.274799666520052,1
"1815",20,0.227667094222647,0
"1816",17,0.269597901904756,0
"1817",19,0.269172139164447,1
"1818",22,0.215492105791015,0
"1819",20,0.250490695818002,1
"1820",21,0.230219836091223,0
"1821",23,0.176026244402729,0
"1822",20,0.263161062564703,1
"1823",18,0.27965790499273,1
"1824",23,0.246996311686869,1
"1825",22,0.261992794292385,1
"1826",20,0.233269972566477,0
"1827",22,0.206912078966836,0
"1828",18,0.247608193078072,0
"1829",23,0.235332242401479,1
"1830",18,0.25911489769213,0
"1831",15,0.317913112058808,1
"1832",18,0.276888207113477,1
"1833",20,0.216104377177638,0
"1834",19,0.268721596185668,1
"1835",21,0.225619817118629,0
"1836",20,0.276417210735309,1
"1837",19,0.252260580877236,0
"1838",22,0.200511793772423,0
"1839",20,0.228725101078426,0
"1840",22,0.237277596891408,1
"1841",19,0.265838599734833,1
"1842",20,0.273248057990997,1
"1843",20,0.286711482232019,1
"1844",19,0.272550184061759,1
"1845",21,0.228301163226107,0
"1846",19,0.259082343538309,0
"1847",20,0.253188798422579,1
"1848",19,0.222234106624097,0
"1849",20,0.240050814200517,0
"1850",20,0.273494842943911,1
"1851",20,0.261102825914204,1
"1852",22,0.247201236473873,1
"1853",17,0.273229704218781,0
"1854",21,0.232274798150066,0
"1855",19,0.263017794863409,1
"1856",19,0.273774996205937,1
"1857",18,0.254467278276828,0
"1858",22,0.205679158302442,0
"1859",21,0.256890791602764,1
"1860",23,0.238417102082435,1
"1861",20,0.263674384351217,1
"1862",25,0.157415691192825,0
"1863",21,0.2263642565759,0
"1864",20,0.239364096786228,0
"1865",16,0.284162844232113,0
"1866",24,0.194437629988386,0
"1867",24,0.212513065058222,1
"1868",20,0.244004092728468,0
"1869",21,0.239909060182278,1
"1870",20,0.241845779415757,0
"1871",22,0.197062841328851,0
"1872",23,0.219465293750002,1
"1873",22,0.231093148989877,1
"1874",20,0.233858965449874,0
"1875",20,0.26562976267766,1
"1876",19,0.264137132536725,1
"1877",17,0.270182459694183,0
"1878",19,0.283828959481542,1
"1879",17,0.284624292582338,0
"1880",21,0.244258473537928,1
"1881",21,0.195868231413248,0
"1882",19,0.241911748199897,0
"1883",24,0.208300925229387,1
"1884",21,0.241080306301052,1
"1885",20,0.24572830717271,0
"1886",19,0.266310819258155,1
"1887",24,0.24186072359493,1
"1888",17,0.302367696501613,1
"1889",23,0.211209068055425,0
"1890",20,0.251070851019176,1
"1891",18,0.296429119517446,1
"1892",19,0.258377992504338,0
"1893",19,0.212980270517758,0
"1894",22,0.245988280377312,1
"1895",20,0.234117008963606,0
"1896",16,0.298515388008974,0
"1897",22,0.195768669222676,0
"1898",16,0.275868500067078,0
"1899",21,0.225774787943147,0
"1900",21,0.268150529331304,1
"1901",22,0.232643095320234,1
"1902",20,0.254535385741648,1
"1903",21,0.293467944254817,1
"1904",24,0.221783436035413,1
"1905",18,0.270368065378945,0
"1906",18,0.285726338214238,1
"1907",22,0.223951004639268,0
"1908",17,0.273094900900108,0
"1909",20,0.275165288997303,1
"1910",21,0.234068874370077,0
"1911",20,0.23728978806761,0
"1912",20,0.264054134420071,1
"1913",21,0.207186449867149,0
"1914",20,0.258923080902606,1
"1915",22,0.225199513856275,1
"1916",18,0.269277232859863,0
"1917",19,0.286601685954385,1
"1918",18,0.255096690567834,0
"1919",22,0.232297058730036,1
"1920",24,0.208409658287139,1
"1921",19,0.252201259192305,0
"1922",20,0.243795402492087,0
"1923",19,0.260247522032762,0
"1924",24,0.184313631588048,0
"1925",20,0.239888098626464,0
"1926",20,0.236634368161582,0
"1927",20,0.267545032216917,1
"1928",21,0.226480357097122,0
"1929",21,0.215595601966285,0
"1930",22,0.25269701432406,1
"1931",21,0.276580083589699,1
"1932",18,0.270517125479597,0
"1933",21,0.252850655827737,1
"1934",19,0.296880979886743,1
"1935",19,0.264707817574236,1
"1936",18,0.237688841958447,0
"1937",22,0.205237884803583,0
"1938",23,0.218783690966353,1
"1939",19,0.264163051009391,1
"1940",19,0.262603143857454,1
"1941",18,0.296903346688217,1
"1942",18,0.301253107665806,1
"1943",22,0.230656743867081,1
"1944",21,0.210399455072568,0
"1945",21,0.257889443142891,1
"1946",20,0.220630318988942,0
"1947",21,0.19844719640687,0
"1948",24,0.203995647683381,1
"1949",20,0.261241492201074,1
"1950",19,0.249468581484613,0
"1951",20,0.232148943054556,0
"1952",18,0.305741956706038,1
"1953",21,0.225063979883366,0
"1954",20,0.229660501829743,0
"1955",21,0.227872154640091,0
"1956",21,0.237880516482014,1
"1957",23,0.226708658655604,1
"1958",21,0.225266922224092,0
"1959",19,0.254239726935671,0
"1960",18,0.288754090224365,1
"1961",19,0.257603585634921,0
"1962",19,0.268060948121499,1
"1963",21,0.262080160633596,1
"1964",18,0.250284823907464,0
"1965",20,0.236414835418892,0
"1966",17,0.287924343678835,1
"1967",20,0.265365873109832,1
"1968",18,0.276546064467735,1
"1969",20,0.259871088201044,1
"1970",21,0.267079240450125,1
"1971",19,0.285295423675859,1
"1972",19,0.254534269302934,0
"1973",20,0.225496380160985,0
"1974",21,0.242625524868017,1
"1975",21,0.252984539849356,1
"1976",19,0.264028502558633,1
"1977",19,0.255831610781064,0
"1978",22,0.228501190836799,1
"1979",15,0.29559318437024,0
"1980",18,0.218150440142933,0
"1981",17,0.300846844286893,1
"1982",23,0.179874525767211,0
"1983",19,0.277410945370871,1
"1984",20,0.261251544701687,1
"1985",17,0.292497519307921,1
"1986",17,0.266669220347072,0
"1987",22,0.202441054932942,0
"1988",20,0.242766944631266,0
"1989",19,0.254225149348726,0
"1990",22,0.254756997425664,1
"1991",23,0.212418343323272,0
"1992",18,0.290098361846179,1
"1993",18,0.302529962339617,1
"1994",21,0.248621114663525,1
"1995",19,0.22428688102431,0
"1996",22,0.254637609156337,1
"1997",20,0.280658930187096,1
"1998",19,0.237787413786206,0
"1999",17,0.298529109417632,1
"2000",20,0.201898073387344,0
"2001",21,0.22566750929547,0
"2002",19,0.252781332802161,0
"2003",21,0.269008721181668,1
"2004",19,0.272451318048332,1
"2005",21,0.248742818201567,1
"2006",19,0.317553671555944,1
"2007",18,0.276534970395112,1
"2008",23,0.210959471997221,0
"2009",19,0.254827026868413,0
"2010",19,0.263174369698506,1
"2011",21,0.23947460745353,1
"2012",21,0.245457416218897,1
"2013",19,0.241815818819378,0
"2014",18,0.248667087085483,0
"2015",20,0.241551887029728,0
"2016",21,0.250794680887233,1
"2017",15,0.287249496933519,0
"2018",23,0.212672019314926,1
"2019",22,0.223964847850767,0
"2020",21,0.23815259052943,1
"2021",23,0.211627686394306,0
"2022",20,0.261923058614174,1
"2023",17,0.288701674025887,1
"2024",22,0.234659817513609,1
"2025",20,0.247078607775858,0
"2026",19,0.271832739863618,1
"2027",22,0.275623714154682,1
"2028",19,0.206066278351374,0
"2029",23,0.224781006239326,1
"2030",15,0.327835931219177,1
"2031",21,0.260980534711442,1
"2032",20,0.240006562546883,0
"2033",21,0.228983103539436,0
"2034",18,0.29262317158615,1
"2035",18,0.273564638418132,0
"2036",17,0.302319939865887,1
"2037",18,0.299746519300058,1
"2038",22,0.260572545992154,1
"2039",23,0.220234155695321,1
"2040",24,0.200624011889878,1
"2041",21,0.226546654165838,0
"2042",21,0.237174390827572,0
"2043",18,0.248609813374993,0
"2044",20,0.240145789800898,0
"2045",24,0.175954220845124,0
"2046",22,0.255878351133204,1
"2047",21,0.205679076326408,0
"2048",19,0.256940381072104,0
"2049",21,0.214693778764017,0
"2050",21,0.244776381909932,1
"2051",21,0.275739809904319,1
"2052",24,0.2175105435125,1
"2053",24,0.211466839144334,1
"2054",19,0.301413451619085,1
"2055",22,0.224427954227609,0
"2056",21,0.262383361151405,1
"2057",20,0.259165917336359,1
"2058",19,0.263869246137655,1
"2059",20,0.234501839468367,0
"2060",23,0.214018348235506,1
"2061",21,0.23023824823696,0
"2062",18,0.243655860783521,0
"2063",19,0.273935977851426,1
"2064",21,0.229392493336231,0
"2065",22,0.229583676259668,1
"2066",21,0.244289844465862,1
"2067",23,0.210899833348175,0
"2068",21,0.251163967283811,1
"2069",17,0.264451244053361,0
"2070",22,0.232799483418189,1
"2071",15,0.285350234503113,0
"2072",20,0.218175601218232,0
"2073",21,0.237077809280492,0
"2074",18,0.281147863281821,1
"2075",18,0.22975200646442,0
"2076",20,0.282669967019824,1
"2077",21,0.279245529392986,1
"2078",21,0.243305709788921,1
"2079",20,0.274288963522459,1
"2080",21,0.226374557002183,0
"2081",22,0.236269603409046,1
"2082",21,0.240644686349752,1
"2083",22,0.208766892912325,0
"2084",19,0.229570229854749,0
"2085",19,0.274841094636183,1
"2086",18,0.259426999602201,0
"2087",20,0.272237783333819,1
"2088",19,0.27856704532591,1
"2089",24,0.191171680173295,0
"2090",21,0.213685128353635,0
"2091",20,0.24982234532559,0
"2092",21,0.263626604774592,1
"2093",21,0.249806844200058,1
"2094",18,0.272745271408863,0
"2095",23,0.16848368950313,0
"2096",20,0.226241921583716,0
"2097",18,0.27003784271226,0
"2098",24,0.235348170669084,1
"2099",17,0.291143278416122,1
"2100",23,0.166149354781394,0
"2101",21,0.260923785019118,1
"2102",19,0.250191274436961,0
"2103",18,0.258879766992368,0
"2104",22,0.230586997525506,1
"2105",21,0.272791493221133,1
"2106",18,0.262140313371437,0
"2107",25,0.191547092935831,1
"2108",20,0.23425911289952,0
"2109",21,0.240277181054081,1
"2110",25,0.171797018132029,0
"2111",19,0.242468073266663,0
"2112",18,0.227858931112529,0
"2113",18,0.251925803034439,0
"2114",19,0.261097342620198,0
"2115",19,0.255534946661001,0
"2116",19,0.264063690075285,1
"2117",19,0.245232941922173,0
"2118",19,0.279998077451312,1
"2119",23,0.199783518999705,0
"2120",17,0.326218544904611,1
"2121",22,0.242844958262437,1
"2122",24,0.2310921336989,1
"2123",21,0.244362310540128,1
"2124",20,0.283642079039474,1
"2125",22,0.1869131460426,0
"2126",19,0.281244548957719,1
"2127",21,0.209722557281057,0
"2128",18,0.283351829956377,1
"2129",19,0.273866889334171,1
"2130",22,0.226079820693815,1
"2131",22,0.165810000586856,0
"2132",19,0.259080131423764,0
"2133",21,0.267642650131934,1
"2134",18,0.280990227576855,1
"2135",18,0.311571797307101,1
"2136",19,0.256198379676504,0
"2137",20,0.233168526663646,0
"2138",21,0.230792778372124,0
"2139",18,0.261176776310068,0
"2140",25,0.164492363902454,0
"2141",19,0.250299641996891,0
"2142",19,0.249007159145029,0
"2143",18,0.238015200010883,0
"2144",23,0.260956256934238,1
"2145",18,0.294464932649906,1
"2146",18,0.254962108658572,0
"2147",14,0.327500140725896,1
"2148",17,0.292695962087467,1
"2149",22,0.219818813095287,0
"2150",16,0.299877444057479,0
"2151",16,0.320334525762788,1
"2152",19,0.264857064283463,1
"2153",20,0.258342443825018,1
"2154",19,0.246292683063294,0
"2155",18,0.30416146578421,1
"2156",24,0.195773363964544,0
"2157",21,0.247357929235132,1
"2158",19,0.242013738919513,0
"2159",20,0.261254640615712,1
"2160",23,0.20713372767386,0
"2161",22,0.209133303196665,0
"2162",17,0.311195620832362,1
"2163",21,0.192241871708757,0
"2164",16,0.296364027669562,0
"2165",19,0.28694482997934,1
"2166",20,0.253671734447143,1
"2167",17,0.304463508837282,1
"2168",20,0.254283787771733,1
"2169",25,0.210207111195387,1
"2170",24,0.211555820078078,1
"2171",21,0.244824513520614,1
"2172",18,0.277287100302272,1
"2173",21,0.260550692005951,1
"2174",22,0.244758182050185,1
"2175",22,0.265595416894458,1
"2176",19,0.251733402688922,0
"2177",23,0.230747010167533,1
"2178",19,0.265511813059799,1
"2179",22,0.224960043537465,0
"2180",15,0.311651261521516,0
"2181",21,0.258238324645113,1
"2182",22,0.190655523936449,0
"2183",21,0.241416700353116,1
"2184",20,0.24134292639287,0
"2185",19,0.234580486083663,0
"2186",18,0.271283490947833,0
"2187",20,0.220718029296789,0
"2188",20,0.254608063205421,1
"2189",19,0.255214759787622,0
"2190",22,0.215077270349748,0
"2191",17,0.250927509808645,0
"2192",21,0.248306076214998,1
"2193",20,0.273646896776755,1
"2194",21,0.223102145338666,0
"2195",21,0.219699812079871,0
"2196",22,0.221498336341243,0
"2197",20,0.24788368660172,0
"2198",17,0.282636188222547,0
"2199",21,0.208938834042249,0
"2200",20,0.253034446279512,1
"2201",21,0.256929260936812,1
"2202",19,0.236732438464824,0
"2203",20,0.268743259632422,1
"2204",21,0.250137839949411,1
"2205",22,0.225367598377409,1
"2206",19,0.274557268388011,1
"2207",19,0.276923953400798,1
"2208",21,0.243400938397492,1
"2209",19,0.28123022485095,1
"2210",21,0.270416076293148,1
"2211",21,0.213389925486446,0
"2212",19,0.256624276321235,0
"2213",22,0.197905266728467,0
"2214",21,0.267581797540675,1
"2215",21,0.235019090693646,0
"2216",17,0.28608547645667,0
"2217",20,0.244034656187224,0
"2218",20,0.264559023490868,1
"2219",20,0.238654857716114,0
"2220",21,0.237037817007002,0
"2221",20,0.215375283863647,0
"2222",21,0.243333517913449,1
"2223",16,0.277092776953438,0
"2224",18,0.289114450671733,1
"2225",22,0.211369560151328,0
"2226",21,0.235995750909743,0
"2227",20,0.223436726114626,0
"2228",22,0.236824091860091,1
"2229",19,0.253202265934025,0
"2230",22,0.221896400656354,0
"2231",17,0.324267692598752,1
"2232",20,0.248149877546307,0
"2233",22,0.194973887969756,0
"2234",18,0.250531631196675,0
"2235",20,0.236537963944096,0
"2236",21,0.22085231500382,0
"2237",22,0.223735443363604,0
"2238",22,0.25406052863216,1
"2239",19,0.296093519003666,1
"2240",20,0.261067059574265,1
"2241",21,0.27260371518615,1
"2242",21,0.263176787654934,1
"2243",20,0.282049479804854,1
"2244",21,0.248266954622109,1
"2245",20,0.25912949083951,1
"2246",20,0.287010632298014,1
"2247",20,0.228755132210766,0
"2248",19,0.283216172442949,1
"2249",19,0.271774943110413,1
"2250",19,0.232730518600207,0
"2251",20,0.254397987070418,1
"2252",27,0.216754706627595,1
"2253",20,0.276521576384236,1
"2254",22,0.224236575988338,0
"2255",19,0.250161086288429,0
"2256",17,0.28500045432561,0
"2257",20,0.220068498861071,0
"2258",20,0.21987851944489,0
"2259",21,0.250776571393266,1
"2260",26,0.167417711015081,0
"2261",16,0.271625095608727,0
"2262",19,0.269215913920691,1
"2263",22,0.193510160341658,0
"2264",17,0.297149697210543,1
"2265",20,0.259267225795104,1
"2266",19,0.282791172583066,1
"2267",18,0.291959110940532,1
"2268",21,0.273670439618088,1
"2269",18,0.293156883168108,1
"2270",17,0.302281837156669,1
"2271",22,0.212613188564707,0
"2272",21,0.257335810191243,1
"2273",20,0.191018719810476,0
"2274",19,0.275702412110683,1
"2275",22,0.232105270615215,1
"2276",19,0.302277823401068,1
"2277",21,0.191521921218606,0
"2278",22,0.212764165077275,0
"2279",21,0.235251336874467,0
"2280",19,0.261617655928075,0
"2281",24,0.187549796767871,0
"2282",18,0.265514505269835,0
"2283",18,0.247863956057768,0
"2284",19,0.272263422758054,1
"2285",21,0.229035228180747,0
"2286",20,0.263025009698652,1
"2287",17,0.29429888529779,1
"2288",18,0.24825923167459,0
"2289",22,0.218911243014124,0
"2290",24,0.211032081569816,1
"2291",18,0.245363761386066,0
"2292",22,0.228229248485639,1
"2293",19,0.240664472109671,0
"2294",22,0.207348623117813,0
"2295",22,0.220624030338486,0
"2296",18,0.267374777520136,0
"2297",20,0.25146149190135,1
"2298",19,0.224701236539336,0
"2299",21,0.235789489951135,0
"2300",22,0.247362066978571,1
"2301",20,0.256899970068158,1
"2302",23,0.23451329488867,1
"2303",20,0.247378977284817,0
"2304",21,0.236456526226382,0
"2305",21,0.245389748859005,1
"2306",25,0.22018254096152,1
"2307",21,0.274224210609678,1
"2308",22,0.246038683072719,1
"2309",22,0.219273488851924,0
"2310",20,0.246542632459173,0
"2311",17,0.296078406146324,1
"2312",20,0.237821337232668,0
"2313",19,0.266865869561389,1
"2314",22,0.198343911777249,0
"2315",21,0.216953903315437,0
"2316",21,0.232921993576638,0
"2317",21,0.27271195482372,1
"2318",19,0.248146783743778,0
"2319",23,0.210729533723411,0
"2320",20,0.279280027692042,1
"2321",19,0.271102544209576,1
"2322",22,0.212609239121836,0
"2323",20,0.234789923708626,0
"2324",21,0.236167403423273,0
"2325",16,0.301504468394158,1
"2326",23,0.229101626377559,1
"2327",21,0.260863721616432,1
"2328",20,0.223298417948493,0
"2329",22,0.203751571480654,0
"2330",18,0.243989456677025,0
"2331",17,0.303125675645669,1
"2332",23,0.20452739146263,0
"2333",19,0.252709398868878,0
"2334",19,0.285649603666659,1
"2335",22,0.22110911394756,0
"2336",22,0.222064829431061,0
"2337",20,0.26883335327702,1
"2338",19,0.243203096205057,0
"2339",20,0.247803380419588,0
"2340",24,0.181095267350482,0
"2341",20,0.2416629559154,0
"2342",19,0.288816364529542,1
"2343",20,0.242062159843448,0
"2344",22,0.244666207083389,1
"2345",16,0.328856601723906,1
"2346",15,0.321145518216097,1
"2347",18,0.285783014041927,1
"2348",20,0.225002850398101,0
"2349",20,0.22021529152754,0
"2350",21,0.255712230154221,1
"2351",20,0.244838345234251,0
"2352",22,0.256375954625574,1
"2353",25,0.177681353565406,0
"2354",23,0.19601548457501,0
"2355",19,0.275435678207521,1
"2356",19,0.250231962106685,0
"2357",16,0.29294948770222,0
"2358",21,0.259788631352898,1
"2359",20,0.262586824936502,1
"2360",18,0.250498596640583,0
"2361",20,0.252807539903677,1
"2362",22,0.223351350335005,0
"2363",21,0.241344269268732,1
"2364",19,0.28025562947191,1
"2365",22,0.239130569995239,1
"2366",21,0.205957593404011,0
"2367",17,0.288875925509006,1
"2368",20,0.268337627843886,1
"2369",21,0.261194706557774,1
"2370",18,0.27344850616731,0
"2371",20,0.263477580158224,1
"2372",21,0.233323948656687,0
"2373",18,0.294780779626819,1
"2374",23,0.203577081736116,0
"2375",22,0.244103860795088,1
"2376",19,0.268935323227968,1
"2377",21,0.232652442174211,0
"2378",20,0.310858917596584,1
"2379",19,0.266644797190091,1
"2380",17,0.315913889042168,1
"2381",18,0.250888962833306,0
"2382",22,0.227159053175313,1
"2383",21,0.231045170465311,0
"2384",21,0.206824206231139,0
"2385",21,0.210161748065225,0
"2386",19,0.275566093562248,1
"2387",24,0.176619352885363,0
"2388",19,0.248180057945075,0
"2389",22,0.25930317008693,1
"2390",21,0.225136833295351,0
"2391",16,0.319058635545346,1
"2392",21,0.199654169338739,0
"2393",20,0.26009213501668,1
"2394",20,0.266106003517288,1
"2395",21,0.266532397942583,1
"2396",24,0.203072962406086,1
"2397",19,0.295936148580827,1
"2398",20,0.235917313603343,0
"2399",17,0.262915008184866,0
"2400",18,0.216132468190889,0
"2401",22,0.226413846780312,1
"2402",20,0.263479348388376,1
"2403",22,0.249768656005231,1
"2404",18,0.289845022569385,1
"2405",17,0.284169271504122,0
"2406",21,0.250820736721541,1
"2407",22,0.244823825441598,1
"2408",20,0.241492858090788,0
"2409",20,0.227617434094456,0
"2410",17,0.287904212762717,1
"2411",20,0.246450906239664,0
"2412",22,0.221563256610711,0
"2413",20,0.22759887469529,0
"2414",19,0.28269017174959,1
"2415",25,0.216479799299749,1
"2416",17,0.314380565507913,1
"2417",19,0.228480964410157,0
"2418",22,0.219753146192094,0
"2419",22,0.213382458883325,0
"2420",18,0.241331505233608,0
"2421",21,0.227526192260817,0
"2422",22,0.247661051323836,1
"2423",16,0.316415125697629,1
"2424",20,0.269813737146927,1
"2425",21,0.22708070018772,0
"2426",22,0.263764950333373,1
"2427",20,0.226411576800406,0
"2428",22,0.171122524185352,0
"2429",18,0.262466498237418,0
"2430",19,0.236734769649189,0
"2431",20,0.249619522984946,0
"2432",19,0.305540759355865,1
"2433",20,0.239811436437145,0
"2434",17,0.261179521048953,0
"2435",19,0.238411224796402,0
"2436",16,0.265306644408088,0
"2437",23,0.230648124749385,1
"2438",20,0.21280411702212,0
"2439",20,0.238635712246486,0
"2440",22,0.247057554426548,1
"2441",18,0.290764895867255,1
"2442",22,0.274815234191419,1
"2443",24,0.212845044952152,1
"2444",20,0.232041424141506,0
"2445",22,0.233099249036868,1
"2446",19,0.226099100759766,0
"2447",21,0.234781080974843,0
"2448",19,0.258825968744953,0
"2449",20,0.279181287099237,1
"2450",20,0.268571544963507,1
"2451",18,0.254215933579082,0
"2452",18,0.264468810257406,0
"2453",22,0.204433500801693,0
"2454",16,0.306144746279844,1
"2455",20,0.248663596957505,0
"2456",22,0.191150376069551,0
"2457",23,0.17375327198578,0
"2458",21,0.227363737295508,0
"2459",17,0.285647723339795,0
"2460",23,0.228778853814601,1
"2461",21,0.205757841920631,0
"2462",22,0.233612168831963,1
"2463",20,0.253776658326684,1
"2464",19,0.272320429970989,1
"2465",19,0.279302725433059,1
"2466",19,0.195167182686746,0
"2467",22,0.229221289654223,1
"2468",22,0.189661950256178,0
"2469",22,0.261923978895997,1
"2470",20,0.28633253995952,1
"2471",22,0.2123811332072,0
"2472",20,0.262066745405641,1
"2473",23,0.195796954646238,0
"2474",20,0.221693824257954,0
"2475",23,0.215505665587093,1
"2476",19,0.261417003070301,0
"2477",19,0.283017869565447,1
"2478",21,0.223385779641645,0
"2479",16,0.273806643761589,0
"2480",22,0.234620922172893,1
"2481",24,0.225653245661233,1
"2482",19,0.253823501903765,0
"2483",22,0.241413842528119,1
"2484",21,0.269671647350116,1
"2485",21,0.224048279896912,0
"2486",18,0.26819519945147,0
"2487",21,0.253065249285792,1
"2488",18,0.263556830177611,0
"2489",21,0.261093622827755,1
"2490",22,0.241959136311153,1
"2491",21,0.233336723188785,0
"2492",20,0.212064285925219,0
"2493",20,0.241304269849083,0
"2494",19,0.239937874488141,0
"2495",20,0.244953295452781,0
"2496",20,0.231923988062896,0
"2497",18,0.275724387306145,1
"2498",18,0.268419602366243,0
"2499",22,0.243614943471379,1
"2500",16,0.296464453951895,0
